{"cameraMode":{"drawMode":0,"name":"Shaded","section":"Shading Mode"},"sceneLighting":true,"audioPlay":false,"sceneViewState":{"showFog":true,"showMaterialUpdate":true,"showSkybox":true,"showFlares":true,"showImageEffects":true,"showParticleSystems":true},"in2DMode":false,"pivot":{"x":-2.033696174621582,"y":-7.775247097015381,"z":93.39749908447266},"rotation":{"x":0.2505454421043396,"y":-0.6555665135383606,"z":0.24563558399677277,"w":0.6686739325523377},"size":41.816749572753909,"orthographic":false}