{"cameraMode":{"drawMode":0,"name":"Shaded","section":"Shading Mode"},"sceneLighting":true,"audioPlay":false,"sceneViewState":{"showFog":true,"showMaterialUpdate":false,"showSkybox":true,"showFlares":true,"showImageEffects":true,"showParticleSystems":true},"in2DMode":false,"pivot":{"x":0.2148975133895874,"y":0.9916567802429199,"z":5.196163177490234},"rotation":{"x":0.13634993135929109,"y":-0.02409452013671398,"z":0.0032778687309473755,"w":0.9903925657272339},"size":9.762256622314454,"orthographic":false}