{"cameraMode":{"drawMode":0,"name":"Shaded","section":"Shading Mode"},"sceneLighting":true,"audioPlay":false,"sceneViewState":{"showFog":true,"showMaterialUpdate":false,"showSkybox":true,"showFlares":true,"showImageEffects":true,"showParticleSystems":true},"in2DMode":false,"pivot":{"x":309.37841796875,"y":327.533935546875,"z":-3.1856689453125},"rotation":{"x":-0.11937427520751953,"y":-0.05010693147778511,"z":0.01042473129928112,"w":-0.9918834567070007},"size":549.9507446289063,"orthographic":false}