{"cameraMode":{"drawMode":0,"name":"Shaded","section":"Shading Mode"},"sceneLighting":true,"audioPlay":false,"sceneViewState":{"showFog":true,"showMaterialUpdate":false,"showSkybox":true,"showFlares":true,"showImageEffects":true,"showParticleSystems":true},"in2DMode":false,"pivot":{"x":13.067155838012696,"y":-113.39657592773438,"z":78.34546661376953},"rotation":{"x":0.49523410201072695,"y":0.0795077458024025,"z":-0.04563317447900772,"w":0.8639535903930664},"size":99.34686279296875,"orthographic":false}