{"cameraMode":{"drawMode":0,"name":"Shaded","section":"Shading Mode"},"sceneLighting":true,"audioPlay":false,"sceneViewState":{"showFog":true,"showMaterialUpdate":false,"showSkybox":true,"showFlares":true,"showImageEffects":true,"showParticleSystems":true},"in2DMode":false,"pivot":{"x":197.16360473632813,"y":16.230133056640626,"z":10.879547119140625},"rotation":{"x":0.14356189966201783,"y":-0.00948960892856121,"z":-0.0015925461193546653,"w":0.9898804426193237},"size":201.7130584716797,"orthographic":false}