{"cameraMode":{"drawMode":0,"name":"Shaded","section":"Shading Mode"},"sceneLighting":true,"audioPlay":false,"sceneViewState":{"showFog":true,"showMaterialUpdate":false,"showSkybox":true,"showFlares":true,"showImageEffects":true,"showParticleSystems":true},"in2DMode":false,"pivot":{"x":71.50765991210938,"y":-67.7741928100586,"z":54.55867004394531},"rotation":{"x":-0.24658985435962678,"y":-0.6577261090278626,"z":0.2457340508699417,"w":-0.668246865272522},"size":230.04039001464845,"orthographic":false}