{"cameraMode":{"drawMode":0,"name":"Shaded","section":"Shading Mode"},"sceneLighting":true,"audioPlay":false,"sceneViewState":{"showFog":true,"showMaterialUpdate":false,"showSkybox":true,"showFlares":true,"showImageEffects":true,"showParticleSystems":true},"in2DMode":false,"pivot":{"x":6.073587417602539,"y":4.397586822509766,"z":18.751708984375},"rotation":{"x":-0.028524629771709443,"y":0.01320241391658783,"z":0.0010298998095095158,"w":-0.9998113512992859},"size":35.71720886230469,"orthographic":false}