{"cameraMode":{"drawMode":0,"name":"Shaded","section":"Shading Mode"},"sceneLighting":true,"audioPlay":false,"sceneViewState":{"showFog":true,"showMaterialUpdate":false,"showSkybox":true,"showFlares":true,"showImageEffects":true,"showParticleSystems":true},"in2DMode":false,"pivot":{"x":-12.106971740722657,"y":20.11654281616211,"z":279.99871826171877},"rotation":{"x":-8.198532555070415e-7,"y":0.003921973519027233,"z":-0.00002365698128414806,"w":1.000006079673767},"size":162.032470703125,"orthographic":false}