{"cameraMode":{"drawMode":0,"name":"Shaded","section":"Shading Mode"},"sceneLighting":true,"audioPlay":false,"sceneViewState":{"showFog":true,"showMaterialUpdate":false,"showSkybox":true,"showFlares":true,"showImageEffects":true,"showParticleSystems":true},"in2DMode":false,"pivot":{"x":203.56573486328126,"y":54.96918869018555,"z":166.35928344726563},"rotation":{"x":0.3536645174026489,"y":-0.012972681783139706,"z":0.0048258197493851189,"w":0.9353314638137817},"size":19.244770050048829,"orthographic":false}