{"cameraMode":{"drawMode":0,"name":"Shaded","section":"Shading Mode"},"sceneLighting":true,"audioPlay":false,"sceneViewState":{"showFog":true,"showMaterialUpdate":false,"showSkybox":true,"showFlares":true,"showImageEffects":true,"showParticleSystems":true},"in2DMode":false,"pivot":{"x":45.51639175415039,"y":8.013066291809082,"z":146.65814208984376},"rotation":{"x":0.03650283068418503,"y":0.9615839719772339,"z":-0.16168756783008576,"w":0.21948526799678803},"size":240.21461486816407,"orthographic":false}