{"cameraMode":{"drawMode":0,"name":"Shaded","section":"Shading Mode"},"sceneLighting":true,"audioPlay":false,"sceneViewState":{"showFog":true,"showMaterialUpdate":false,"showSkybox":true,"showFlares":true,"showImageEffects":true,"showParticleSystems":true},"in2DMode":false,"pivot":{"x":371.1572265625,"y":291.388671875,"z":194.33441162109376},"rotation":{"x":0.08393433690071106,"y":-0.06764452159404755,"z":0.0026746864896267654,"w":0.9944543838500977},"size":751.1067504882813,"orthographic":false}