{"cameraMode":{"drawMode":0,"name":"Shaded","section":"Shading Mode"},"sceneLighting":true,"audioPlay":false,"sceneViewState":{"showFog":true,"showMaterialUpdate":false,"showSkybox":true,"showFlares":true,"showImageEffects":true,"showParticleSystems":true},"in2DMode":false,"pivot":{"x":-35.86832809448242,"y":42.988136291503909,"z":50.72200012207031},"rotation":{"x":0.34069380164146426,"y":0.6283667087554932,"z":-0.356965035200119,"w":0.6015483736991882},"size":29.18177604675293,"orthographic":false}