{"cameraMode":{"drawMode":0,"name":"Shaded","section":"Shading Mode"},"sceneLighting":true,"audioPlay":false,"sceneViewState":{"showFog":true,"showMaterialUpdate":false,"showSkybox":true,"showFlares":true,"showImageEffects":true,"showParticleSystems":true},"in2DMode":false,"pivot":{"x":-86.07030487060547,"y":-54.01838684082031,"z":400.28094482421877},"rotation":{"x":-0.5470505356788635,"y":0.018822090700268747,"z":-0.012304416857659817,"w":-0.8368018269538879},"size":80.07653045654297,"orthographic":false}