{"cameraMode":{"drawMode":0,"name":"Shaded","section":"Shading Mode"},"sceneLighting":true,"audioPlay":false,"sceneViewState":{"showFog":true,"showMaterialUpdate":false,"showSkybox":true,"showFlares":true,"showImageEffects":true,"showParticleSystems":true},"in2DMode":false,"pivot":{"x":-0.7000000476837158,"y":1.9714101552963257,"z":22.002498626708986},"rotation":{"x":0.49523410201072695,"y":0.0795077458024025,"z":-0.04563317447900772,"w":0.8639535903930664},"size":11.704501152038575,"orthographic":false}