{"cameraMode":{"drawMode":0,"name":"Shaded","section":"Shading Mode"},"sceneLighting":true,"audioPlay":false,"sceneViewState":{"showFog":true,"showMaterialUpdate":false,"showSkybox":true,"showFlares":true,"showImageEffects":true,"showParticleSystems":true},"in2DMode":false,"pivot":{"x":4.7077860832214359,"y":103.01502990722656,"z":258.63330078125},"rotation":{"x":0.24859096109867097,"y":0.07487226277589798,"z":-0.01939607411623001,"w":0.96554034948349},"size":50.984554290771487,"orthographic":false}