{"cameraMode":{"drawMode":0,"name":"Shaded","section":"Shading Mode"},"sceneLighting":true,"audioPlay":false,"sceneViewState":{"showFog":true,"showMaterialUpdate":false,"showSkybox":true,"showFlares":true,"showImageEffects":true,"showParticleSystems":true},"in2DMode":false,"pivot":{"x":-13.47434139251709,"y":-4.934027671813965,"z":87.5678482055664},"rotation":{"x":0.06736572831869126,"y":-0.06684203445911408,"z":0.003753175726160407,"w":0.9957045316696167},"size":53.24473571777344,"orthographic":false}