{"cameraMode":{"drawMode":0,"name":"Shaded","section":"Shading Mode"},"sceneLighting":true,"audioPlay":false,"sceneViewState":{"showFog":true,"showMaterialUpdate":false,"showSkybox":true,"showFlares":true,"showImageEffects":true,"showParticleSystems":true},"in2DMode":false,"pivot":{"x":5.1658172607421879,"y":-8.706472396850586,"z":234.19384765625},"rotation":{"x":0.280012309551239,"y":-0.4797786772251129,"z":0.16329585015773774,"w":0.815697968006134},"size":27.9821720123291,"orthographic":false}