{"cameraMode":{"drawMode":0,"name":"Shaded","section":"Shading Mode"},"sceneLighting":true,"audioPlay":false,"sceneViewState":{"showFog":true,"showMaterialUpdate":false,"showSkybox":true,"showFlares":true,"showImageEffects":true,"showParticleSystems":true},"in2DMode":false,"pivot":{"x":5.867142677307129,"y":-28.697277069091798,"z":65.42474365234375},"rotation":{"x":-0.3363586664199829,"y":-0.04821768030524254,"z":0.017311109229922296,"w":-0.9404037594795227},"size":45.9415283203125,"orthographic":false}